{
  "n_prompts_standard": 26,
  "n_judges": 10,
  "n_responses_per_prompt": 6,
  "mean_kendalls_w": 0.3847957875457876,
  "median_kendalls_w": 0.36457142857142855,
  "sd_kendalls_w": 0.19547454046900356,
  "per_prompt_w": {
    "BBQ_02": 0.5028571428571429,
    "BBQ_03": 0.11314285714285714,
    "BBQ_04": 0.531547619047619,
    "BBQ_05": 0.39161904761904764,
    "BBQ_07": 0.21676190476190477,
    "BBQ_08": 0.06285714285714286,
    "BBQ_09": 0.6628571428571428,
    "BBQ_10": 0.3401904761904762,
    "HLE_02": 0.52,
    "HLE_03": 0.4982857142857143,
    "HLE_04": 0.264,
    "HLE_05": 0.8076190476190476,
    "HLE_07": 0.7405714285714285,
    "HLE_08": 0.38742857142857146,
    "HLE_09": 0.4601904761904762,
    "HLE_10": 0.1939047619047619,
    "MSC_01": 0.23961904761904762,
    "MSC_02": 0.3417142857142857,
    "MSC_03": 0.2727619047619047,
    "MSC_04": 0.26857142857142857,
    "MSC_05": 0.19047619047619047,
    "MSC_06": 0.555047619047619,
    "MSC_07": 0.2,
    "MSC_08": 0.4057142857142857,
    "MSC_09": 0.20761904761904756,
    "MSC_10": 0.6293333333333334
  },
  "krippendorffs_alpha_ordinal": 0.3501804165308211,
  "mean_pairwise_tau": 0.26812326017018845,
  "full_ranking_agreement_rate": 0.0,
  "top1_agreement_rate": 0.0
}